site_ids,longitude,latitude,AC_capacity_MW,BA,state,type,proposed,exactCoord,id,module_type,array_type,cap_MW_DC,dc_ac_ratio,tilt,system_capacity,losses,Zone
100 Brook Hill Drive Solar,-73.9828,41.09305,2.5,NYISO,NY,solar,existing,True,63292.0,0,0,2.5,1.66666666666667,41.09305,2500.00000000001,7.26836284038652,HUD VL
"25 Ashdown Road Solar, LLC",-73.879,42.8826,4.0,NYISO,NY,solar,existing,True,62998.0,0,0,4.0,1.0,42.8826,4000.0,7.14192576410162,CAPITL
311 Douglas Road,-76.473712,42.453281,23.810507936508,NYISO,NY,solar,planned,False,,0,2,,1.19650793650794,0.0,23810.507936508,6.13494586467852,CENTRL
Addison Solar Project,-77.385525,42.266725,180.0,NYISO,NY,solar,planned,False,,0,2,,1.5,0.0,180000.0,6.50668096222576,CENTRL
Aegis CSG,-77.34388,42.764688,3.0,NYISO,NY,solar,existing,True,63059.0,0,2,3.0,1.5,0.0,3000.0,6.61926290437057,GENESE
Alabama Solar Park LLC,-78.192778,43.00091,232.5,NYISO,NY,solar,planned,False,,0,0,,1.55,43.00091,232500.0,6.09304044504232,WEST
Albany County 1,-73.974014,42.588271,24.0,NYISO,NY,solar,planned,False,,0,0,,1.2,42.588271,24000.0,6.78904606409776,CAPITL
Albany County 2,-73.974014,42.588271,27.0,NYISO,NY,solar,planned,False,,0,0,,1.35,42.588271,27000.0,6.36684534457532,CAPITL
Alder Creek Solar,-75.227945,43.423402,205.0,NYISO,NY,solar,planned,True,,0,0,,1.0,43.423402,205000.0,6.24934090559247,MHK VL
Allegany 2 Solar,-78.026176,42.247894,150.0,NYISO,NY,solar,planned,False,,0,2,,1.5,0.0,150000.0,6.59486918258941,GENESE
Amsterdam North,-74.1198,42.953622,3.0,NYISO,NY,solar,existing,True,61904.0,0,0,3.0,1.5,42.953622,3000.0,6.49015001318629,CAPITL
Amsterdam South,-74.12616,42.948957,3.0,NYISO,NY,solar,existing,True,61905.0,0,0,3.0,1.5,42.948957,3000.0,6.92422172093577,CAPITL
Anheuser-Busch Baldwinsville,-76.41484,43.151537,2.8,NYISO,NY,solar,existing,True,61575.0,0,0,2.8,1.4,43.151537,2800.0,6.8797813073823,CENTRL
Baer Road CSG,-75.068,41.797,2.7,NYISO,NY,solar,existing,True,62034.0,0,0,2.7,1.35,41.797,2700.0,6.82245256550956,MHK VL
Bakerstand Solar,-78.548635,42.35062,28.0,NYISO,NY,solar,planned,True,,0,0,,1.4,42.35062,28000.0,5.9633651744444,WEST
Barneveld Solar,-75.17722,43.251388,1.4,NYISO,NY,solar,existing,True,63279.0,0,0,1.4,1.4,43.251388,1400.0,7.46316777533726,MHK VL
Bear Ridge Solar,-78.747459,43.102145,145.0,NYISO,NY,solar,planned,True,,0,0,,1.45,43.102145,145000.0,6.52380061444899,WEST
Beardslee Solar,-74.874104,43.163059,26.6666666666666,NYISO,NY,solar,planned,True,,0,2,,1.33333333333333,0.0,26666.6666666666,6.74494794012878,MHK VL
Bennett,-77.472,42.936,2.0,NYISO,NY,solar,existing,True,63410.0,2,2,2.0,1.42857142857143,0.0,2000.0,7.07426746477641,WEST
Bethlehem - East,-73.8243,42.539006,2.4,NYISO,NY,solar,existing,True,60477.0,0,0,2.4,1.41176470588235,42.539006,2399.99999999999,7.3514175923541,CAPITL
Bethlehem - West,-73.8243,42.539006,1.2,NYISO,NY,solar,existing,True,60478.0,0,0,1.2,1.2,42.539006,1200.0,7.02016723382946,CAPITL
Bethlehem Solar,-73.88742,42.601145,2.19999999999999,NYISO,NY,solar,existing,True,63079.0,0,2,2.2,1.29411764705882,0.0,2199.99999999999,6.91377070211399,CAPITL
Blydenburgh Solar Project,-73.18241,40.815331,2.3,NYISO,NY,solar,existing,True,61900.0,0,0,2.3,1.53333333333333,40.815331,2300.0,6.8009860401306,LONGIL
Boas Rd #1 Community Solar Farm,-73.67238,44.934274,2.9,NYISO,NY,solar,existing,True,62530.0,0,0,2.9,1.45,44.934274,2900.0,6.52890681536409,NORTH
Boas Rd #2 Community Solar Farm,-73.67122,44.933177,2.8,NYISO,NY,solar,existing,True,62531.0,0,0,2.8,1.4,44.933177,2800.0,6.57156765433009,NORTH
Boas Rd #3 Community Solar Farm,-73.66933,44.933525,2.8,NYISO,NY,solar,existing,True,62532.0,0,0,2.8,1.4,44.933525,2800.0,6.93707163860715,NORTH
Branscomb Solar,-76.317414,42.236393,30.0,NYISO,NY,solar,planned,True,,0,0,,1.5,42.236393,30000.0,6.00759339639359,CENTRL
Breesport Road Community Solar Farm,-76.713,42.088,2.8,NYISO,NY,solar,existing,True,62157.0,0,0,2.8,1.4,42.088,2800.0,6.88748192254966,CENTRL
Brentwood Solar,-73.24389,40.781389,1.0,NYISO,NY,solar,existing,True,58785.0,0,0,1.0,1.0,40.781389,1000.0,6.86575099771798,LONGIL
Broadalbin,-74.15489,43.061306,3.0,NYISO,NY,solar,existing,True,61847.0,0,0,3.0,1.5,43.061306,3000.0,7.3248063185627,CAPITL
Broadalbin-Perth Solar,-74.19184,43.018029,1.9,NYISO,NY,solar,existing,True,61958.0,0,0,1.9,1.26666666666667,43.018029,1900.0,7.16271132327819,CAPITL
Brookside Solar,-74.338748,44.592749,135.0,NYISO,NY,solar,planned,True,,0,2,,1.35,0.0,135000.0,6.64219136900419,MHK VL
Broome County,-75.93073,42.104731,4.6,NYISO,NY,solar,existing,True,60507.0,0,2,4.6,1.15,0.0,4600.0,6.64730352813947,CENTRL
Bull Run Solar Energy Center,-73.818961,44.933448,204.0,NYISO,NY,solar,planned,True,,1,0,,1.2,44.933448,204000.0,6.11298821121765,NORTH
Calabro Airport North Solar Project,-72.875,40.8224,1.79999999999999,NYISO,NY,solar,existing,True,63497.0,0,0,1.8,1.38461538461538,40.8224,1799.99999999999,6.04035892993031,LONGIL
Calabro Airport South Solar Project,-72.85705,40.811524,1.7,NYISO,NY,solar,existing,True,63498.0,0,0,1.7,1.41666666666667,40.811524,1700.0,6.31385669993019,LONGIL
Call Farms 1,-78.1873,43.037794,2.9,NYISO,NY,solar,existing,True,61470.0,0,0,2.9,1.45,43.037794,2900.0,6.96899296387395,WEST
Call Farms 3,-78.17859,43.023046,2.8,NYISO,NY,solar,existing,True,61471.0,0,0,2.8,1.4,43.023046,2800.0,6.35363418304036,WEST
Calverton,-72.7437,40.921086,3.9,NYISO,NY,solar,existing,True,60452.0,0,0,3.9,1.0,40.921086,3900.0,7.04458838978632,LONGIL
Calverton Solar Energy Center,-72.743433,40.906487,33.205,NYISO,NY,solar,planned,True,,0,0,,1.45,40.906487,33205.0,6.55093133691463,LONGIL
Camden CSD Solar Array,-75.69526,43.312306,2.39999999999999,NYISO,NY,solar,existing,True,61604.0,0,2,2.4,1.33333333333333,0.0,2399.99999999999,6.77953416975318,MHK VL
Canandaigua Solar Array,-77.28456,42.86887,2.5,NYISO,NY,solar,existing,True,61043.0,0,0,2.5,1.25,42.86887,2500.0,6.58425335502076,GENESE
Canandaigua Westbrook Solar Array,-77.28446,42.869086,2.0,NYISO,NY,solar,existing,True,61042.0,0,0,2.0,1.25,42.869086,2000.0,6.80755155194341,GENESE
Catlin Solar 1 LLC,-76.95398,42.285942,6.1,NYISO,NY,solar,existing,True,63372.0,0,0,6.1,1.525,42.285942,6100.0,6.65261467577624,CENTRL
Cayuga Solar,-76.473712,42.453281,293.250000000001,NYISO,NY,solar,planned,False,,0,0,,1.41666666666667,42.453281,293250.000000001,6.83842692674901,CENTRL
CBP Solar,-73.94688,41.266188,2.39999999999999,NYISO,NY,solar,existing,True,62613.0,0,0,2.4,1.33333333333333,41.266188,2399.99999999999,7.18451634129355,MILLWD
"CDG Owego 2, LLC",-76.29745,42.178057,27.44,NYISO,NY,solar,planned,False,,0,0,,1.4,42.178057,27440.0,5.98641915931086,CENTRL
Cedar Creek PV,-73.50667,40.64889,2.7,NYISO,NY,solar,existing,True,61376.0,0,0,2.7,1.5,40.64889,2700.0,6.77758464402612,LONGIL
Chenango Solar,-75.92728,42.198167,6.09999999999998,NYISO,NY,solar,existing,True,63450.0,0,0,6.1,1.24489795918367,42.198167,6099.99999999998,7.16953355367469,CENTRL
Chester CSG,-74.288,41.339,2.7,NYISO,NY,solar,existing,True,62761.0,0,0,2.7,1.35,41.339,2700.0,6.82558339899947,HUD VL
Cider Solar,-78.156404,42.983769,700.0,NYISO,NY,solar,planned,True,,0,2,,1.4,0.0,700000.0,6.70057669041077,WEST
City of Rochester Solar,-77.67851,43.176918,2.59999999999999,NYISO,NY,solar,existing,True,61804.0,0,0,2.6,1.44444444444444,43.176918,2599.99999999999,7.3740408721604,GENESE
"CJ Solar I, LLC",-75.3,44.7,2.8,NYISO,NY,solar,existing,True,61719.0,0,0,2.8,1.4,44.7,2800.0,7.06732443800724,MHK VL
Clarkson Solar,-74.94944,44.671944,2.3,NYISO,NY,solar,existing,True,59623.0,0,0,2.3,1.15,44.671944,2300.0,6.8356889042195,MHK VL
Clarkstown Landfill Solar Facility,-73.95159,41.100409,2.0,NYISO,NY,solar,existing,True,60004.0,1,0,2.0,1.0,41.100409,2000.0,6.83216640878258,HUD VL
Clay Solar,-76.196117,43.00653,30.0,NYISO,NY,solar,planned,False,,0,0,,1.5,43.00653,30000.0,6.39152069850625,CENTRL
Clear View Solar,-77.385525,42.266725,20.0,NYISO,NY,solar,planned,False,,0,0,,1.0,42.266725,20000.0,6.41258172180655,CENTRL
CMR Solar LLC,-74.34591,41.561847,2.8,NYISO,NY,solar,existing,True,62486.0,0,0,2.8,1.4,41.561847,2800.0,7.46879901493016,HUD VL
Cobleskill Solar Project,-74.485426,42.677851,29.7,NYISO,NY,solar,planned,True,,0,0,,1.5,42.677851,29700.0,6.79668258090864,CAPITL
Cohalan,-73.19444,40.762465,4.4,NYISO,NY,solar,existing,True,58790.0,0,0,4.4,1.1,40.762465,4400.0,7.6711287226334,LONGIL
Columbia County 1,-73.626805,42.247729,70.8,NYISO,NY,solar,planned,False,,0,2,,1.18,0.0,70800.0,5.58298181009311,CAPITL
Columbia Solar Energy Center,-75.037751,42.93801,525.0,NYISO,NY,solar,planned,True,,0,0,,1.5,42.93801,525000.0,7.08585242877547,MHK VL
Columbia University - Johnson Farms,-74.2638,41.379107,2.9,NYISO,NY,solar,existing,True,61576.0,0,0,2.9,1.45,41.379107,2900.0,6.64671474875785,HUD VL
Columbia University - Minisink,-74.55445,41.293747,2.9,NYISO,NY,solar,existing,True,61578.0,0,0,2.9,1.45,41.293747,2900.0,6.35140129678949,HUD VL
Cornell Geneva Solar Farm,-77.031,42.866,2.8,NYISO,NY,solar,existing,True,60150.0,0,0,2.8,1.4,42.866,2800.0,6.67626976614171,CENTRL
Cornell Snyder Road Solar Array,-76.46,42.4975,1.8,NYISO,NY,solar,existing,True,59470.0,0,0,1.8,1.0,42.4975,1800.0,6.81691679583247,CENTRL
Cortland Energy Center,-75.992765,42.544092,74.5625,NYISO,NY,solar,planned,True,,0,0,,1.49125,42.544092,74562.5,6.3827262958258,CENTRL
"COU Solar I, LLC",-75.3,44.7,1.9,NYISO,NY,solar,existing,True,61720.0,0,0,1.9,1.26666666666667,44.7,1900.0,6.97283223226593,MHK VL
Coverdale Solar,-77.76978,42.727485,29.0,NYISO,NY,solar,planned,False,,0,0,,1.45,42.727485,29000.0,6.04967631488389,WEST
CS Hawthorn Solar,-73.670848,42.715745,27.1428571428572,NYISO,NY,solar,planned,True,,0,2,,1.35714285714286,0.0,27142.8571428572,6.66230820910867,CAPITL
"Cummins, Inc",-79.36125,42.08124,2.0,NYISO,NY,solar,existing,True,60453.0,0,0,2.0,1.0,42.08124,2000.0,6.01285261602569,WEST
Czub CSG,-73.59598,42.91408,3.0,NYISO,NY,solar,existing,True,63057.0,0,2,3.0,1.5,0.0,3000.0,6.41923595616525,CAPITL
Darby Solar,-73.535176,43.028806,28.0,NYISO,NY,solar,planned,True,,0,0,,1.4,43.028806,28000.0,6.18957268220034,CAPITL
Declaration Energy Center,-76.827088,42.782294,478.947368421053,NYISO,NY,solar,planned,False,,0,0,,1.36842105263158,42.782294,478947.368421053,5.82248484851859,CENTRL
Deer Park,-73.19389,40.760833,3.0,NYISO,NY,solar,existing,True,58786.0,0,0,3.0,1.2,40.760833,3000.0,6.91160477387544,LONGIL
Delight Farm,-76.574587,43.008546,23.52,NYISO,NY,solar,planned,False,,0,0,,1.4,43.008546,23520.0,6.55245767092276,CENTRL
Dennison,-73.32361,40.763056,2.0,NYISO,NY,solar,existing,True,58787.0,0,0,2.0,1.0,40.763056,2000.0,6.89092649100861,LONGIL
Dog Corners Solar,-76.661804,42.747193,28.0,NYISO,NY,solar,planned,True,,0,2,,1.4,0.0,28000.0,6.48312447503869,CENTRL
Dolan Solar,-73.439428,43.312377,28.0,NYISO,NY,solar,planned,False,,0,0,,1.4,43.312377,28000.0,6.50859610642665,CAPITL
Dover CSG,-73.57657,41.680879,3.1,NYISO,NY,solar,existing,True,63106.0,0,2,3.1,1.55,0.0,3100.0,6.62324897196637,HUD VL
Dryden Rd #2 Community Solar Farm CSG,-76.31998,42.487821,1.7,NYISO,NY,solar,existing,True,62477.0,0,0,1.7,1.30769230769231,42.487821,1700.0,7.32883711706526,CENTRL
Duanesburg,-74.20155,42.762173,3.0,NYISO,NY,solar,existing,True,61863.0,0,0,3.0,1.5,42.762173,3000.0,6.5012331382783,CAPITL
East Light Energy Center,-74.452565,42.915521,50.0,NYISO,NY,solar,planned,True,,0,0,,1.25,42.915521,50000.0,6.16966119187994,CAPITL
East Point Solar,-74.439909,42.591982,50.0,NYISO,NY,solar,planned,True,,0,2,,1.0,0.0,50000.0,6.26250417024029,CAPITL
Ellis Solar,-76.433751,42.448941,27.0,NYISO,NY,solar,existing,True,62413.0,0,0,27.0,1.5,42.448941,27000.0,6.56717175447521,CENTRL
Ellsworth I CSG,-73.7098,42.899313,3.1,NYISO,NY,solar,existing,True,63112.0,0,2,3.1,1.55,0.0,3100.0,6.79509067041201,CAPITL
ELP Rotterdam Solar,-74.043583,42.817542,30.0,NYISO,NY,solar,planned,False,,0,0,,1.5,42.817542,30000.0,6.39981715947657,CAPITL
ELP Stillwater Solar,-73.855387,43.106135,25.0,NYISO,NY,solar,planned,False,,0,0,,1.25,43.106135,25000.0,6.62501421078226,CAPITL
Empire Solar,-79.407595,42.304216,236.85,NYISO,NY,solar,planned,False,,0,0,,1.5,42.304216,236850.0,7.02108527414331,WEST
Enfield Community Solar,-76.59481,42.453307,2.3,NYISO,NY,solar,existing,True,62029.0,0,0,2.3,1.27777777777778,42.453307,2300.0,6.16496813497427,CENTRL
Erie-Wyoming County Solar,-78.228567,42.701363,218.75,NYISO,NY,solar,planned,False,,0,0,,1.25,42.701363,218750.0,6.06830728503376,WEST
Excelsior Energy Center,-78.156443,42.983784,420.0,NYISO,NY,solar,planned,True,,0,2,,1.5,0.0,420000.0,6.41651029057336,WEST
Fairway Solar,-75.074311,44.488113,25.0,NYISO,NY,solar,planned,False,,0,0,,1.25,44.488113,25000.0,6.77665922103572,MHK VL
Farwell Solar,-78.23164,43.25328,30.0,NYISO,NY,solar,planned,True,,0,0,,1.5,43.25328,30000.0,6.51898325398572,WEST
Finger Lakes Solar I,-77.04563,42.814025,2.9,NYISO,NY,solar,existing,True,61210.0,0,0,2.9,1.45,42.814025,2900.0,6.35133073894225,CENTRL
Flat Creek Solar,-74.435358,42.900891,220.0,NYISO,NY,solar,planned,False,,0,0,,1.1,42.900891,220000.0,6.69962057704271,CAPITL
Flat Creek Solar 2,-74.435358,42.900891,100.0,NYISO,NY,solar,planned,False,,0,0,,1.0,42.900891,100000.0,7.10109352997589,CAPITL
Flat Hill Solar,-74.874104,43.163059,29.0,NYISO,NY,solar,planned,True,,0,0,,1.45,43.163059,29000.0,6.0051318962578,MHK VL
Flint Mine Solar,-73.841342,42.322371,100.0,NYISO,NY,solar,planned,True,,0,2,,1.0,0.0,100000.0,6.90658142769448,HUD VL
Forrence Orchards,-73.705648,44.75271,27.72,NYISO,NY,solar,planned,False,,0,0,,1.4,44.75271,27720.0,6.06450195390343,NORTH
Fort Edward Solar Farm (NY53),-73.439428,43.312377,125.0,NYISO,NY,solar,planned,False,,0,0,,1.25,43.312377,125000.0,6.81036233865696,CAPITL
Franklin Solar,-74.31067,44.594374,225.0,NYISO,NY,solar,planned,False,,0,0,,1.5,44.594374,225000.0,6.63087205528989,MHK VL
Franklin Solar Site,-74.30652,44.86832,2.1,NYISO,NY,solar,existing,True,62784.0,0,0,2.1,1.3125,44.86832,2100.0,7.04934941077344,MHK VL
Frog Hollow CSG,-74.49671,41.739327,2.0,NYISO,NY,solar,existing,True,63086.0,0,2,2.0,1.0,0.0,2000.0,6.35138243020871,HUD VL
Garnet Energy Center,-76.548645,42.765943,250.0,NYISO,NY,solar,planned,True,,0,0,,1.25,42.765943,250000.0,6.31905028471461,CENTRL
Garnet Solar (NY),-74.06238,43.723851,2.6,NYISO,NY,solar,existing,True,62843.0,0,0,2.6,1.36842105263158,43.723851,2600.0,6.9358166058495,CAPITL
Gaskill Rd Community Solar Farm CSG,-76.183,42.116,6.3,NYISO,NY,solar,existing,True,62474.0,0,0,6.3,1.26,42.116,6300.0,7.08731687498796,CENTRL
Gedney Hill Solar,-73.891381,42.453938,24.0,NYISO,NY,solar,planned,True,,0,0,,1.2,42.453938,24000.0,6.43786590010626,HUD VL
Genesee Road Solar Energy Center,-78.688302,42.552555,402.5,NYISO,NY,solar,planned,True,,0,2,,1.15,0.0,402500.0,6.4585025230091,WEST
Gifford CSG,-74.07086,42.82395,3.0,NYISO,NY,solar,existing,True,63056.0,0,2,3.0,1.5,0.0,3000.0,6.72596059163742,CAPITL
Gore Mountain Solar II,-73.32307,43.543378,2.5,NYISO,NY,solar,existing,True,61764.0,0,0,2.5,1.25,43.543378,2500.0,6.24528234727506,CAPITL
Grand Prix Solar,-73.72252,41.21125,1.9,NYISO,NY,solar,existing,True,63291.0,0,0,1.9,1.0,41.21125,1900.0,7.17798968077525,MILLWD
Grassy Knoll Solar,-74.96053,43.461515,20.0,NYISO,NY,solar,planned,True,,0,0,,1.0,43.461515,20000.0,6.57227701851525,MHK VL
Greene County 1,-74.149495,42.286951,20.0,NYISO,NY,solar,planned,False,,0,2,,1.0,0.0,20000.0,6.52813672117599,MHK VL
Greene County 2,-74.149495,42.286951,10.0,NYISO,NY,solar,planned,False,,0,0,,1.0,42.286951,10000.0,6.61865913160725,MHK VL
Greene County 3,-74.149495,42.286951,28.235294117647,NYISO,NY,solar,planned,False,,0,0,,1.41176470588235,42.286951,28235.294117647,6.61545728093133,MHK VL
Greene County Energy,-74.149495,42.286951,26.0,NYISO,NY,solar,planned,False,,0,2,,1.3,0.0,26000.0,5.93796750360522,MHK VL
Greenville CSG,-74.622,41.356,2.8,NYISO,NY,solar,existing,True,62759.0,0,0,2.8,1.4,41.356,2800.0,7.04031901567572,HUD VL
Grissom Solar,-74.241409,43.132673,20.0,NYISO,NY,solar,planned,True,,0,2,,1.0,0.0,20000.0,6.34345021925416,CAPITL
Guildlerland CSG,-74.00081,42.727288,3.0,NYISO,NY,solar,existing,True,63052.0,0,2,3.0,1.5,0.0,3000.0,6.82503832235584,CAPITL
Half Moon Solar,-73.513845,42.710421,26.1538461538462,NYISO,NY,solar,planned,False,,0,0,,1.30769230769231,42.710421,26153.8461538462,6.40080524903587,CAPITL
Hampton Corners Solar,-77.76978,42.727485,23.0,NYISO,NY,solar,planned,False,,0,0,,1.15,42.727485,23000.0,6.33609964070387,WEST
Harford Solar Farm,-76.245,42.448,2.8,NYISO,NY,solar,existing,True,61030.0,0,0,2.8,1.4,42.448,2800.0,6.94139116391165,CENTRL
Hatchery Solar,-77.836443,42.757573,30.0,NYISO,NY,solar,planned,True,,0,0,,1.5,42.757573,30000.0,6.26734212442616,WEST
HGS Solar I,-73.32526,43.543716,2.8,NYISO,NY,solar,existing,True,61765.0,0,0,2.8,1.4,43.543716,2800.0,6.68967694032979,CAPITL
High River Solar,-74.043583,42.817542,128.571428571429,NYISO,NY,solar,planned,False,,0,0,,1.42857142857143,42.817542,128571.428571429,6.4105733317429,CAPITL
Highview Solar,-78.228567,42.701363,20.0,NYISO,NY,solar,planned,False,,0,0,,1.0,42.701363,20000.0,6.53770756857037,WEST
Hills Solar,-74.958161,43.461722,25.0,NYISO,NY,solar,planned,True,,0,2,,1.25,0.0,25000.0,5.8703447433514,MHK VL
Hilltop Solar,-73.513845,42.710421,23.6,NYISO,NY,solar,planned,False,,0,0,,1.18,42.710421,23600.0,6.24090942363898,CAPITL
Hobart & William Smith College Gates Rd.,-77.05058,42.86228,2.6,NYISO,NY,solar,existing,True,63297.0,0,0,2.6,5.2,42.86228,2600.0,6.89071506449183,CENTRL
Holley Road Solar,-78.146546,43.230763,26.11875,NYISO,NY,solar,planned,True,,0,2,,1.3125,0.0,26118.75,6.68774873240474,WEST
Hollygrove CSG,-76.7217,43.26034,3.0,NYISO,NY,solar,existing,True,63051.0,0,2,3.0,1.5,0.0,3000.0,6.66999395206922,GENESE
Holtsville Solar Project,-73.03398,40.797667,1.7,NYISO,NY,solar,existing,True,61902.0,0,0,1.7,1.41666666666667,40.797667,1700.0,6.38006108647947,LONGIL
Homer Solar Energy Center,-76.178817,42.637014,140.0,NYISO,NY,solar,planned,True,,0,0,,1.55555555555556,42.637014,140000.0,6.51120489952104,CENTRL
Homer Street East,-78.44095,42.099342,2.0,NYISO,NY,solar,existing,True,62725.0,0,0,2.0,1.25,42.099342,2000.0,6.887501155399,WEST
Homer Street West,-78.44229,42.098128,2.0,NYISO,NY,solar,existing,True,62724.0,0,0,2.0,1.25,42.098128,2000.0,5.98479507432045,WEST
Hope Solar Farm LLC,-73.60213,42.726428,2.9,NYISO,NY,solar,existing,True,63371.0,0,0,2.9,1.45,42.726428,2900.0,7.22288661313856,CAPITL
Horseshoe Solar,-77.76978,42.727485,180.0,NYISO,NY,solar,planned,False,,0,0,,1.0,42.727485,180000.0,6.7605374722535,WEST
Hospital Rd Community Solar Farm CSG,-75.03607,41.774772,1.69999999999999,NYISO,NY,solar,existing,True,62155.0,0,0,1.7,1.21428571428571,41.774772,1699.99999999999,6.94020868438992,MHK VL
Houghton,-78.15659,42.426731,2.6,NYISO,NY,solar,existing,True,60454.0,0,0,2.6,1.0,42.426731,2600.0,6.85295076905392,GENESE
Howland CSG,-76.08921,43.63481,3.0,NYISO,NY,solar,existing,True,63055.0,0,2,3.0,1.5,0.0,3000.0,6.03937190380279,CENTRL
"IRE Solar I, LLC",-75.5,44.3,1.4,NYISO,NY,solar,existing,True,61717.0,0,0,1.4,1.4,44.3,1400.0,7.00004720136472,MHK VL
Janis Solar,-75.911588,42.469238,26.6666666666666,NYISO,NY,solar,planned,True,,0,0,,1.33333333333333,42.469238,26666.6666666666,6.54096751475411,CENTRL
Jaton,-76.209258,43.461443,20.9647058823529,NYISO,NY,solar,planned,False,,0,0,,1.29411764705882,43.461443,20964.7058823529,6.25383883880334,CENTRL
Jefferson-Lewis BOCES Solar,-75.96981,43.970958,2.4,NYISO,NY,solar,existing,True,60819.0,1,0,2.4,1.2,43.970958,2400.0,7.51379426319368,MHK VL
Johnstown,-74.31479,42.999179,3.0,NYISO,NY,solar,existing,True,61888.0,0,0,3.0,1.5,42.999179,3000.0,6.54535749777221,CAPITL
Johnstown Solar,-74.043583,42.817542,21.5,NYISO,NY,solar,planned,False,,0,0,,1.075,42.817542,21500.0,6.6795279161288,CAPITL
"Johnstown Solar 1, LLC",-74.3228,43.0724,4.3,NYISO,NY,solar,existing,True,63013.0,0,0,4.3,1.075,43.0724,4300.0,6.8270976524321,CAPITL
K. High,-77.063164,43.458758,22.671,NYISO,NY,solar,planned,False,,0,0,,1.145,43.458758,22671.0,6.2481863733389,GENESE
Katrina Falls,-74.76468,41.720176,25.3272727272727,NYISO,NY,solar,planned,False,,0,2,,1.27272727272727,0.0,25327.2727272727,6.65811318557142,MHK VL
Kearsarge Johnstown 1 CSG,-74.36018,43.066012,1.99999999999999,NYISO,NY,solar,existing,True,62549.0,0,0,2.0,1.33333333333333,43.066012,1999.99999999999,6.83134432672906,CAPITL
Kearsarge Johnstown 2 CSG,-74.36022,43.064422,2.8,NYISO,NY,solar,existing,True,62556.0,0,0,2.8,1.4,43.064422,2800.0,6.46068814596047,CAPITL
Kearsarge Oppenheim CSG,-74.73642,43.060223,1.9,NYISO,NY,solar,existing,True,61917.0,0,0,1.9,1.35714285714286,43.060223,1900.0,6.30273957584292,CAPITL
Kinder Morgan Fordham,-74.23658,40.542557,3.10000000000001,NYISO,NY,solar,existing,True,62614.0,0,0,3.1,1.82352941176471,40.542557,3100.00000000001,6.71171139312095,N.Y.C.
Kingbird Solar,-79.407595,42.304216,29.0,NYISO,NY,solar,planned,False,,0,0,,1.45,42.304216,29000.0,6.54141370694111,WEST
Kings Park Solar I,-73.24928,40.868294,3.0,NYISO,NY,solar,existing,True,59880.0,0,0,3.0,1.5,40.868294,3000.0,6.53877569567361,LONGIL
Kings Park Solar II,-73.24928,40.868294,3.0,NYISO,NY,solar,existing,True,59881.0,0,0,3.0,1.5,40.868294,3000.0,6.78909479304678,LONGIL
Knaggs Brothers Farm,-73.9691,42.73035,5.5,NYISO,NY,solar,existing,True,63230.0,0,0,5.5,5.0,42.73035,5500.0,6.57832930540522,CAPITL
Knickerbocker Solar,-73.513845,42.710421,27.0,NYISO,NY,solar,planned,False,,0,0,,1.35,42.710421,27000.0,6.22225068615471,CAPITL
Lacona Solar,-76.068536,43.643401,20.0,NYISO,NY,solar,planned,True,,0,0,,1.0,43.643401,20000.0,6.21053194281744,CENTRL
Leavenworth Greenworks LLC,-72.890291,40.942311,14.25,NYISO,NY,solar,existing,True,59276.0,0,0,14.25,1.5,40.942311,14250.0,7.07286728006054,LONGIL
Letchworth Solar Project,-78.17952,42.618969,1.2,NYISO,NY,solar,existing,True,61389.0,0,0,1.2,1.0,42.618969,1200.0,6.73245868773589,GENESE
Lichtenthal,-78.15818,43.020053,2.8,NYISO,NY,solar,existing,True,61469.0,0,0,2.8,1.4,43.020053,2800.0,6.95724468821252,WEST
Limestone Solar,-73.982996,42.849339,22.8,NYISO,NY,solar,planned,True,,0,0,,1.14,42.849339,22800.0,6.39403778436566,CAPITL
Lincoln Ave Solar Project,-73.08344,40.78144,3.0,NYISO,NY,solar,existing,True,61899.0,0,0,3.0,1.5,40.78144,3000.0,7.14641028749704,LONGIL
Little Pond Solar,-73.983004,41.148946,28.0,NYISO,NY,solar,planned,True,,0,0,,1.4,41.148946,28000.0,6.40326047994738,HUD VL
Long Island Solar Farm LLC,-72.850242,40.86572,37.6900000000001,NYISO,NY,solar,existing,True,57589.0,0,0,37.69,1.19650793650794,40.86572,37690.0000000001,6.51144860972947,LONGIL
Macedon,-77.34604,43.058633,2.9,NYISO,NY,solar,existing,True,63407.0,2,2,2.9,1.45,0.0,2900.0,7.14906287166407,GENESE
Madison County,-75.70098,43.028289,2.39999999999999,NYISO,NY,solar,existing,True,61725.0,0,0,2.4,1.33333333333333,43.028289,2399.99999999999,6.38713257813347,MHK VL
Madison Solar,-75.663575,42.910026,26.0,NYISO,NY,solar,planned,False,,0,2,,1.3,0.0,26000.0,5.9039883976998,MHK VL
Magruder Solar,-74.150426,41.679812,20.0,NYISO,NY,solar,planned,True,,0,2,,1.0,0.0,20000.0,6.90751211480189,HUD VL
Malone Solar Site,-74.30725,44.870858,1.4,NYISO,NY,solar,existing,True,62785.0,0,0,1.4,1.27272727272727,44.870858,1400.0,7.05741378699841,MHK VL
Manchester Solar,-77.303277,42.856695,28.0,NYISO,NY,solar,planned,False,,0,0,,1.4,42.856695,28000.0,5.41257047209746,GENESE
Marshville Solar,-74.435358,42.900891,28.0,NYISO,NY,solar,planned,False,,0,2,,1.4,0.0,28000.0,6.46294725871478,CAPITL
Martin Rd Solar,-78.681006,42.244853,30.0,NYISO,NY,solar,planned,False,,0,0,,1.5,42.244853,30000.0,6.28436210324477,WEST
Mattas Farms,-74.21625,42.893714,2.8,NYISO,NY,solar,existing,True,62303.0,0,0,2.8,1.4,42.893714,2800.0,6.90559545456165,CAPITL
Mereand CSG,-75.98679,43.96414,3.0,NYISO,NY,solar,existing,True,63058.0,0,2,3.0,1.5,0.0,3000.0,6.70990219696028,MHK VL
Mill Point Solar,-74.435358,42.900891,250.0,NYISO,NY,solar,planned,False,,0,0,,1.0,42.900891,250000.0,5.96485142817431,CAPITL
Millbrook School,-73.61949,41.84581,1.69999999999999,NYISO,NY,solar,existing,True,59789.0,0,2,1.7,1.21428571428571,0.0,1699.99999999999,6.89198657615556,HUD VL
Millers Grove Solar,-74.874103,43.163058,28.0,NYISO,NY,solar,planned,True,,0,0,,1.4,43.163058,28000.0,6.38993228695056,MHK VL
Milliken Solar Project,-76.574587,43.008546,282.35294117647,NYISO,NY,solar,planned,False,,0,0,,1.41176470588235,43.008546,282352.94117647,6.37364620875995,CENTRL
Mineral Basin Solar Power,-78.473749,41.000249,562.24,NYISO,PA,solar,planned,False,,0,0,,1.4,41.000249,562240.0,6.81032973497895,WEST
Minisink Community Solar 2 LLC,-74.51528,41.319351,2.8,NYISO,NY,solar,existing,True,62146.0,0,0,2.8,1.0,41.319351,2800.0,7.08725134395224,HUD VL
Minisink Solar 1 LLC,-74.51408,41.321224,2.80000000000001,NYISO,NY,solar,existing,True,62145.0,0,0,2.8,1.55555555555556,41.321224,2800.00000000001,6.70359300283939,HUD VL
Mohawk Solar,-74.665087,42.963958,126.7,NYISO,NY,solar,planned,True,,0,0,,1.4,42.963958,126700.0,6.39240923838636,CAPITL
Mohonasen Central School District,-73.95685,42.767228,1.5,NYISO,NY,solar,existing,True,63511.0,0,0,1.5,1.36363636363636,42.767228,1500.0,7.31045717953774,CAPITL
Monroe County Sites A & B,-77.39223,43.174071,4.79999999999999,NYISO,NY,solar,existing,True,61509.0,0,0,4.8,1.41176470588235,43.174071,4799.99999999999,7.14838797130749,GENESE
"Monroe County Sites C, D, & E",-77.743641,43.317111,8.4,NYISO,NY,solar,existing,True,61510.0,0,0,8.4,1.4,43.317111,8400.0,6.60007805272477,GENESE
Moraine Solar Energy Center,-78.026176,42.247894,127.5,NYISO,NY,solar,planned,False,,0,0,,1.36363636363636,42.247894,127500.0,6.45037305544123,GENESE
Morris Ridge Solar Energy Center,-77.385525,42.266725,256.65,NYISO,NY,solar,planned,False,,0,2,,1.45,0.0,256650.0,6.95305964833063,CENTRL
Morris Solar Project,-74.930206,44.447314,36.0,NYISO,NY,solar,planned,True,,0,0,,1.8,44.447314,36000.0,6.09473634553127,MHK VL
Morrow Farms LLC,-76.053522,43.995371,27.9529411764705,NYISO,NY,solar,planned,False,,0,0,,1.41176470588235,43.995371,27952.9411764705,6.70519740367897,MHK VL
Musgrave East Solar Farm,-76.66367,42.731496,2.8,NYISO,NY,solar,existing,True,61003.0,0,0,2.8,1.4,42.731496,2800.0,6.60653257452579,CENTRL
Musgrave West Solar Farm,-76.66367,42.731496,2.8,NYISO,NY,solar,existing,True,61015.0,0,0,2.8,1.4,42.731496,2800.0,7.25563516264543,CENTRL
New Bremen Solar,-75.440184,43.837847,150.0,NYISO,NY,solar,planned,True,,0,0,,1.5,43.837847,150000.0,6.54087011864572,MHK VL
Newfield Community Solar LLC,-76.600504,42.385144,7.5,NYISO,NY,solar,existing,True,62582.0,0,0,7.5,1.25,42.385144,7500.0,6.3018755244841,CENTRL
Niagara Dolomite Solar,-78.74762,43.31195,412.2,NYISO,NY,solar,planned,True,,0,0,,1.145,43.31195,412200.0,6.07956377267134,WEST
Niagara Solar,-78.228567,42.701363,28.3333333333334,NYISO,NY,solar,planned,False,,0,0,,1.41666666666667,42.701363,28333.3333333334,6.85029721700274,WEST
North Country Solar,-75.442617,43.786397,22.5,NYISO,NY,solar,planned,False,,0,0,,1.5,43.786397,22500.0,6.76540342182294,MHK VL
North County,-73.32361,40.763056,1.0,NYISO,NY,solar,existing,True,58788.0,0,0,1.0,1.0,40.763056,1000.0,6.75694846157608,LONGIL
North Light Energy Center,-76.872096,42.765189,120.0,NYISO,NY,solar,planned,True,,0,0,,1.5,42.765189,120000.0,6.30634801719239,CENTRL
North Side Solar,-74.751809,44.982158,270.0,NYISO,NY,solar,planned,True,,0,0,,1.5,44.982158,270000.0,6.23134267963424,NORTH
NY08 Solar,-73.439428,43.312377,30.0,NYISO,NY,solar,planned,False,,0,0,,1.5,43.312377,30000.0,6.76963911704181,CAPITL
NY109 Solar,-74.423678,43.115609,31.0,NYISO,NY,solar,planned,False,,0,0,,1.55,43.115609,31000.0,6.63047596970398,CAPITL
NY13 Solar,-73.435023,43.377712,27.86,NYISO,NY,solar,planned,True,,0,2,,1.4,0.0,27860.0,7.02875070279085,CAPITL
NY16 Solar,-73.435023,43.377712,29.85,NYISO,NY,solar,planned,True,,0,0,,1.5,43.377712,29850.0,6.7071017869301,CAPITL
NY37 Solar,-76.053522,43.995371,30.0,NYISO,NY,solar,planned,False,,0,0,,1.5,43.995371,30000.0,5.6969511009181,MHK VL
NY38 Solar,-76.053522,43.995371,129.0,NYISO,NY,solar,planned,False,,0,0,,1.075,43.995371,129000.0,6.55012631796658,MHK VL
Oneida - South,-75.38687,43.166353,2.6,NYISO,NY,solar,existing,True,60455.0,0,0,2.6,1.36842105263158,43.166353,2600.0,7.21891976153932,MHK VL
Oneida - West,-75.40487,43.169617,2.6,NYISO,NY,solar,existing,True,60456.0,0,0,2.6,1.36842105263158,43.169617,2600.0,7.13790044831821,MHK VL
Onondaga County - Metro Water Board,-76.22408,43.183782,1.4,NYISO,NY,solar,existing,True,60097.0,0,0,1.4,1.4,43.183782,1400.0,6.55301423995219,CENTRL
Onondaga County - Oak Orchard WWTP,-76.13012,43.172719,2.5,NYISO,NY,solar,existing,True,60098.0,0,2,2.5,1.25,0.0,2500.0,7.3886563736074,CENTRL
Onondaga County- Jamesville,-76.06422,42.986644,2.5,NYISO,NY,solar,existing,True,60232.0,0,2,2.5,1.25,0.0,2500.0,6.51632038664329,CENTRL
Onyx - Lamphear Road CSG,-75.47672,43.18413,2.8,NYISO,NY,solar,existing,True,60967.0,0,0,2.8,1.4,43.18413,2800.0,6.65598535332828,MHK VL
Onyx - Saratoga Springs Landfill Solar CSG,-73.74486,43.096874,2.6,NYISO,NY,solar,existing,True,61724.0,0,0,2.6,1.3,43.096874,2600.0,6.79164506158696,CAPITL
Orleans Solar,-78.229726,43.502287,240.0,NYISO,NY,solar,planned,False,,0,0,,1.2,43.502287,240000.0,6.26765554594319,WEST
Oswego County - Fulton Solar,-76.34325,43.342437,2.5,NYISO,NY,solar,existing,True,60818.0,0,0,2.5,1.25,43.342437,2500.0,7.01945331597313,CENTRL
Owens Corning at Bethlehem,-73.865,42.586944,2.3,NYISO,NY,solar,existing,True,58550.0,0,0,2.3,1.15,42.586944,2300.0,6.66256627788451,CAPITL
Oxbow Hill Solar,-75.806908,42.980598,175.0,NYISO,NY,solar,planned,True,,0,0,,1.25,42.980598,175000.0,6.69443347371805,MHK VL
Pasto Solar,-76.52376,42.210028,23.86,NYISO,NY,solar,existing,True,62389.0,0,0,23.86,1.49125,42.210028,23860.0,6.94714114407562,CENTRL
Pattersonville,-74.435358,42.900891,28.0,NYISO,NY,solar,planned,False,,0,0,,1.4,42.900891,28000.0,6.57418476300008,CAPITL
Pearl CSG,-78.29042,42.981335,6.0,NYISO,NY,solar,existing,True,63060.0,0,2,6.0,1.5,0.0,6000.0,7.40528713236518,WEST
Pearl II,-78.29042,42.981336,3.0,NYISO,NY,solar,existing,True,63405.0,0,2,3.0,1.5,0.0,3000.0,6.75783227723893,WEST
Podunk Road CSG,-76.65289,42.46806,2.70000000000001,NYISO,NY,solar,existing,True,62834.0,0,0,2.7,1.22727272727273,42.46806,2700.00000000001,6.65438622028684,CENTRL
Pool Brook Rd Community Solar Farm,-75.08338,42.542175,4.0,NYISO,NY,solar,existing,True,62156.0,0,0,4.0,2.0,42.542175,4000.0,7.37068974126688,MHK VL
Port Richmond WWT Solar,-74.12611,40.638056,1.9,NYISO,NY,solar,existing,True,58647.0,0,0,1.9,1.9,40.638056,1900.0,6.52197143145257,N.Y.C.
Puckett Solar,-75.769915,42.329241,28.0,NYISO,NY,solar,planned,True,,0,0,,1.4,42.329241,28000.0,6.60998094230959,MHK VL
"Ransomville Solar 1, LLC",-78.94984,43.1994,5.2,NYISO,NY,solar,existing,True,63012.0,0,0,5.2,1.04,43.1994,5200.0,6.17801612670041,WEST
"Ray Solar, LLC",-73.513845,42.710421,28.8888888888888,NYISO,NY,solar,planned,False,,0,0,,1.44444444444444,42.710421,28888.8888888888,6.65028966916012,CAPITL
Regan Solar,-75.489552,42.404447,30.0,NYISO,NY,solar,planned,True,,0,0,,1.5,42.404447,30000.0,6.74210000719883,MHK VL
Rich Road Solar Energy Center,-75.210909,44.552667,240.0,NYISO,NY,solar,planned,True,,0,0,,1.0,44.552667,240000.0,6.92009313657686,MHK VL
Richardson Solar,-75.074311,44.488113,24.0,NYISO,NY,solar,planned,False,,0,0,,1.0,44.488113,24000.0,6.58839361905588,MHK VL
Ridge View Solar Energy Center,-79.025487,43.176589,350.0,NYISO,NY,solar,planned,True,,2,0,,1.0,43.176589,350000.0,5.85516659577867,WEST
Riley Road LLC,-74.07837,41.469132,5.6,NYISO,NY,solar,existing,True,63369.0,0,0,5.6,1.4,41.469132,5600.0,6.81697745692192,HUD VL
Rising Solar II,-74.306252,41.40241,28.0,NYISO,NY,solar,planned,False,,0,0,,1.4,41.40241,28000.0,5.97396705821961,HUD VL
"RIT Henrietta Solar 1, LLC",-77.66724,43.076198,2.3,NYISO,NY,solar,existing,True,62810.0,0,0,2.3,1.4375,43.076198,2300.0,6.56921609726139,GENESE
Riverhead,-73.23222,40.826111,1.5,NYISO,NY,solar,existing,True,58789.0,0,0,1.5,1.0,40.826111,1500.0,6.51733619775995,LONGIL
Riverhead Expansion,-72.692218,40.943554,36.0,NYISO,NY,solar,planned,False,,0,2,,1.0,0.0,36000.0,6.49408480571752,LONGIL
Riverhead Solar Farm,-72.76451,40.922992,22.9,NYISO,NY,solar,existing,True,62017.0,0,2,22.9,1.145,0.0,22900.0,7.02496216756017,LONGIL
Riverline Energy Center,-75.074311,44.488113,266.666666666666,NYISO,NY,solar,planned,False,,0,0,,1.33333333333333,44.488113,266666.666666666,6.29892535046247,MHK VL
Riverside Solar,-76.053522,43.995371,150.0,NYISO,NY,solar,planned,False,,0,0,,1.5,43.995371,150000.0,6.41946153301246,MHK VL
Rock District Solar,-74.50002,42.731293,20.0,NYISO,NY,solar,planned,True,,0,0,,1.0,42.731293,20000.0,6.37269287466238,CAPITL
Rosalen Solar Energy Center,-77.010395,43.202002,521.9375,NYISO,NY,solar,planned,True,,0,0,,1.49125,43.202002,521937.5,6.69868452327528,GENESE
Route 14A CDG Solar North and South LLC,-77.04613,42.815086,5.2,NYISO,NY,solar,existing,True,62580.0,0,0,5.2,1.3,42.815086,5200.0,7.13790687425868,CENTRL
Route 318,-76.827088,42.782294,29.85,NYISO,NY,solar,planned,False,,0,0,,1.5,42.782294,29850.0,6.28194106735464,CENTRL
"RT 52 Walden Solar 1, LLC",-74.2163,41.5841,5.7,NYISO,NY,solar,existing,True,63000.0,0,0,5.7,1.14,41.5841,5700.0,6.68452114948129,HUD VL
Rutland Center Solar,-76.053522,43.995371,140.555555555556,NYISO,NY,solar,planned,False,,0,0,,1.27777777777778,43.995371,140555.555555556,7.01614929595484,MHK VL
Sacket Lake Rd #2 Community Solar Farm,-74.43526,41.38251,2.4,NYISO,NY,solar,existing,True,62159.0,0,0,2.4,1.41176470588235,41.38251,2399.99999999999,6.33334270025634,HUD VL
Saratoga Solar LLC,-73.90395,43.07377,6.3,NYISO,NY,solar,existing,True,63373.0,0,0,6.3,1.26,43.07377,6300.0,7.24724772016122,CAPITL
Scipio Solar,-76.571941,42.787463,27.0,NYISO,NY,solar,planned,True,,0,0,,1.5,42.787463,27000.0,6.33150609347913,CENTRL
Sharon Springs,-74.56715,42.775105,3.0,NYISO,NY,solar,existing,True,61903.0,0,0,3.0,1.5,42.775105,3000.0,6.27842326815183,CAPITL
Sharon Springs Interconnection,-74.617086,42.795907,25.0,NYISO,NY,solar,planned,True,,0,0,,1.25,42.795907,25000.0,6.40579906598199,CAPITL
Shoreham Solar Commons,-72.88915,40.936551,24.9,NYISO,NY,solar,existing,True,60045.0,0,0,24.9,1.0,40.936551,24900.0,6.89466525739508,LONGIL
Silver Lake Solar,-78.021769,42.700626,31.125,NYISO,NY,solar,planned,True,,0,0,,1.25,42.700626,31125.0,5.86522934310957,WEST
Silverline Energy Center,-76.473712,42.453281,290.0,NYISO,NY,solar,planned,False,,0,2,,1.45,0.0,290000.0,6.04662305775583,CENTRL
Skidmore College,-73.81132,43.093682,2.0,NYISO,NY,solar,existing,True,60425.0,0,0,2.0,1.0,43.093682,2000.0,6.75899915507351,CAPITL
Sky High Solar,-76.244803,42.997521,25.5555555555556,NYISO,NY,solar,planned,True,,0,0,,1.27777777777778,42.997521,25555.5555555556,6.32699008232766,CENTRL
Skyline Solar,-75.434282,43.242727,30.0,NYISO,NY,solar,planned,False,,0,0,,1.5,43.242727,30000.0,6.14640497220752,MHK VL
SL Babylon,-73.375661,40.732411,10.62,NYISO,NY,solar,existing,True,61487.0,0,0,10.62,1.18,40.732411,10620.0,7.29448371302687,LONGIL
SL Portland Solar,-79.407595,42.304216,22.671,NYISO,NY,solar,planned,False,,0,2,,1.145,0.0,22671.0,6.13031660492008,WEST
Solean Solar Project,-78.44821,42.086926,5.7,NYISO,NY,solar,existing,True,61898.0,0,0,5.7,1.425,42.086926,5700.0,6.55829283552075,WEST
"Somers Solar, LLC",-73.439428,43.312377,23.9301587301588,NYISO,NY,solar,planned,False,,1,0,,1.19650793650794,43.312377,23930.1587301588,6.65449248915288,CAPITL
Somerset Solar,-78.792143,43.456731,310.5,NYISO,NY,solar,planned,False,,0,0,,1.5,43.456731,310500.0,6.51810829723463,WEST
South Ripley Solar,-79.720603,42.195057,381.176470588235,NYISO,NY,solar,planned,True,,0,2,,1.41176470588235,0.0,381176.470588235,6.72455158354517,WEST
St. Lawerence University - Sutton,-75.87226,43.932397,2.9,NYISO,NY,solar,existing,True,61579.0,0,0,2.9,1.45,43.932397,2900.0,5.86315881100491,MHK VL
Steel Sun,-78.84531,42.812811,2.8,NYISO,NY,solar,existing,True,59705.0,0,0,2.8,1.4,42.812811,2800.0,7.01161464821263,WEST
Steel Sun 2: 2303-III-2 Hamburg Tpke,-78.85337,42.809003,3.0,NYISO,NY,solar,existing,True,62723.0,0,0,3.0,1.5,42.809003,3000.0,7.15026988903657,WEST
Steel Sun 2: 2303-III-4 Hamburg Tpke,-78.85422,42.811146,3.0,NYISO,NY,solar,existing,True,62722.0,0,0,3.0,1.5,42.811146,3000.0,6.8208853078802,WEST
Steel Sun 2: 2303-III-9 Hamburg Tpke,-78.85538,42.81849,3.0,NYISO,NY,solar,existing,True,62721.0,0,0,3.0,1.5,42.81849,3000.0,7.04203689434346,WEST
Sterlington Greenworks LLC,-72.44028,41.0675,1.8,NYISO,NY,solar,existing,True,59275.0,0,0,1.8,1.8,41.0675,1800.0,7.11327042892267,LONGIL
Stone Mill Solar,-73.159489,43.620109,26.0,NYISO,NY,solar,planned,True,,0,0,,1.3,43.620109,26000.0,7.14940551927727,CAPITL
Strauss CSG,-76.99392,42.891451,3.1,NYISO,NY,solar,existing,True,63108.0,0,2,3.1,1.55,0.0,3100.0,6.96592412331954,CENTRL
Suffragette Solar Energy Center,-76.574587,43.008546,28.3333333333334,NYISO,NY,solar,planned,False,,0,0,,1.41666666666667,43.008546,28333.3333333334,6.25886053979047,CENTRL
Sugar Maple Solar,-75.442617,43.786397,174.8,NYISO,NY,solar,planned,False,,0,0,,1.0,43.786397,174800.0,6.57862780818351,MHK VL
Sugarhill Road - Solitude Solar CSG,-73.84853,42.822572,5.0,NYISO,NY,solar,existing,True,62788.0,0,2,5.0,1.0,0.0,5000.0,7.52125600067972,CAPITL
Sullivan County - Adult Care Solar,-74.70808,41.7966,2.5,NYISO,NY,solar,existing,True,60817.0,0,0,2.5,1.25,41.7966,2500.0,7.82152330231564,MHK VL
SunEast Flat Stone Solar LLC,-75.434282,43.242727,30.5,NYISO,NY,solar,planned,False,,0,0,,1.525,43.242727,30500.0,5.94398835407152,MHK VL
SunEast Manchester Solar LLC,-77.063164,43.458758,30.0,NYISO,NY,solar,planned,False,,0,0,,1.5,43.458758,30000.0,6.3761554265748,GENESE
SunEast Oriskany Solar LLC,-75.434282,43.242727,25.0,NYISO,NY,solar,planned,False,,0,0,,1.25,43.242727,25000.0,6.35476987880989,MHK VL
Sunlight Beacon,-73.98164,41.494632,2.0,NYISO,NY,solar,existing,True,61922.0,0,0,2.0,1.0,41.494632,2000.0,6.4467168902522,HUD VL
Sunset Hill Solar,-74.207432,42.515897,23.9301587301588,NYISO,NY,solar,planned,True,,0,0,,1.19650793650794,42.515897,23930.1587301588,6.16880814637112,HUD VL
Sutter Greenworks LLC,-72.77111,40.928056,7.2,NYISO,NY,solar,existing,True,59274.0,0,0,7.2,1.8,40.928056,7200.0,6.52245287945692,LONGIL
Tabletop Solar,-74.425617,42.910206,112.0,NYISO,NY,solar,planned,True,,0,0,,1.4,42.910206,112000.0,6.47999936826074,CAPITL
Tannery Road Landfill,-75.53459,43.239004,2.8,NYISO,NY,solar,existing,True,60677.0,0,0,2.8,1.4,43.239004,2800.0,7.40120313330979,MHK VL
Tayandenega Solar,-74.435358,42.900891,25.0,NYISO,NY,solar,planned,False,,0,0,,1.25,42.900891,25000.0,6.3671251110305,CAPITL
Teele,-75.074311,44.488113,39.6,NYISO,NY,solar,planned,False,,0,0,,2.0,44.488113,39600.0,6.81434304121384,MHK VL
Thousand Island Solar,-76.053522,43.995371,165.0,NYISO,NY,solar,planned,False,,0,0,,1.5,43.995371,165000.0,6.61954673437953,MHK VL
Ticonderoga Solar,-73.423454,43.848667,24.5454545454546,NYISO,NY,solar,planned,True,,0,0,,1.22727272727273,43.848667,24545.4545454546,6.00069714238861,CAPITL
Time Warner Cable - Knowles,-77.37532,42.337435,2.8,NYISO,NY,solar,existing,True,60904.0,0,2,2.8,1.4,0.0,2800.0,6.83640346940406,CENTRL
Time Warner Cable Enterprises - Martino,-75.43048,43.183689,2.8,NYISO,NY,solar,existing,True,61577.0,0,0,2.8,1.4,43.183689,2800.0,7.32496750300052,MHK VL
Tompkins Cortland Community College,-76.2865,42.5025,2.6,NYISO,NY,solar,existing,True,60431.0,0,0,2.6,1.3,42.5025,2600.0,6.46446320637624,CENTRL
Town of Williamson Landfill PV,-77.17472,43.244444,1.5,NYISO,NY,solar,existing,True,59613.0,0,0,1.5,1.25,43.244444,1500.0,6.27090332788674,GENESE
Tracy Solar Energy Centre,-75.992765,44.060742,119.0,NYISO,NY,solar,planned,True,,1,0,,1.0,44.060742,119000.0,6.67473319553818,MHK VL
Transit Solar Project,-78.192778,43.00091,25.2,NYISO,NY,solar,planned,False,,0,0,,1.26,43.00091,25200.0,6.93431017958812,WEST
Troupsburg Solar,-77.385525,42.266725,22.9,NYISO,NY,solar,planned,False,,0,0,,1.145,42.266725,22900.0,6.077635709447,CENTRL
Tubolino 2,-76.053522,43.995371,19.8,NYISO,NY,solar,planned,False,,2,0,,1.0,43.995371,19800.0,6.56335158069646,MHK VL
Turner Rd Community Solar Project,-76.67848,42.09305,2.7,NYISO,NY,solar,existing,True,62160.0,0,0,2.7,1.35,42.09305,2700.0,6.07407292832515,CENTRL
Ulster County Solar,-73.98123,41.961896,1.9,NYISO,NY,solar,existing,True,62777.0,0,0,1.9,1.35714285714286,41.961896,1900.0,6.9179060855728,HUD VL
Valley Solar,-76.363728,42.125632,27.3684210526316,NYISO,NY,solar,planned,True,,0,0,,1.36842105263158,42.125632,27368.4210526316,5.9505815272787,CENTRL
Verona Solar Energy Center I,-75.434282,43.242727,312.5,NYISO,NY,solar,planned,False,,0,0,,1.25,43.242727,312500.0,6.79784592787888,MHK VL
Verona Solar Energy Center II,-75.434282,43.242727,326.923076923078,NYISO,NY,solar,planned,False,,0,0,,1.30769230769231,43.242727,326923.076923078,6.62142397692298,MHK VL
Villa Roma Rd #3 CSG,-74.96152,41.754421,2.3,NYISO,NY,solar,existing,True,62527.0,0,0,2.3,1.15,41.754421,2300.0,6.49425673156699,MHK VL
Villa Roma Rd #4 CSG,-74.95863,41.754435,2.3,NYISO,NY,solar,existing,True,62528.0,0,0,2.3,1.15,41.754435,2300.0,7.31881963192206,MHK VL
Vulcraft Solar,-76.61935,42.005874,2.2,NYISO,NY,solar,existing,True,60365.0,0,0,2.2,1.375,42.005874,2200.0,7.17857625004288,CENTRL
Warner Hill Solar Project,-74.499629,42.655037,28.855,NYISO,NY,solar,planned,True,,0,2,,1.45,0.0,28855.0,6.60621555195946,CAPITL
Watkins Glen Solar,-76.873292,42.380629,72.5,NYISO,NY,solar,planned,True,,0,0,,1.45,42.380629,72500.0,5.92339889091128,CENTRL
Watkins Rd Solar,-75.062868,43.059421,30.0,NYISO,NY,solar,planned,True,,0,2,,1.5,0.0,30000.0,5.92127436110774,MHK VL
Westmorland Solar,-75.434282,43.242727,28.0,NYISO,NY,solar,planned,False,,0,2,,1.4,0.0,28000.0,6.51141838176824,MHK VL
White Creek Solar,-77.79598,42.945566,190.588235294117,NYISO,NY,solar,planned,True,,0,2,,1.41176470588235,0.0,190588.235294117,6.55187443139036,WEST
White Spring Solar,-77.286491,42.850983,333.333333333334,NYISO,NY,solar,planned,True,,0,2,,1.66666666666667,0.0,333333.333333334,6.44560131553267,GENESE
Whittier,-77.8614,43.150002,2.6,NYISO,NY,solar,existing,True,63408.0,2,2,2.6,1.3,0.0,2600.0,6.84424927785194,GENESE
Williamson,-77.15221,43.234141,2.8,NYISO,NY,solar,existing,True,63409.0,2,2,2.8,1.4,0.0,2800.0,6.69062870265285,GENESE
Woodoak Drive Community Solar Farm CSG,-75.027,41.594,2.7,NYISO,NY,solar,existing,True,62479.0,0,0,2.7,1.35,41.594,2700.0,6.60886514587749,MHK VL
Yellow Barn Solar,-76.549444,42.457463,232.0,NYISO,NY,solar,planned,True,,0,0,,1.45,42.457463,232000.0,6.31875817181991,CENTRL
